k,silhouette,davies_bouldin
2,0.20083732419541506,1.9185522431931483
3,0.1950805099527656,1.9571494826967724
4,0.20231945550089778,1.8983116821317734
5,0.20857083203729265,1.9096458530514102
6,0.19165278207345435,2.0239916170583276
7,0.18912212770205936,1.990883397649123
8,0.1665852956248774,2.0076230587766295
