k,silhouette,davies_bouldin
2,0.1816841421149517,2.0741587671490613
3,0.16288700151096697,1.8839116083964165
4,0.17951997429444275,2.0135777857291073
5,0.18332613825160105,1.9450391655726427
6,0.18384880023724498,1.855899125754754
7,0.17901732895767325,1.8085630917956117
8,0.19009983217510892,1.8819137939251793
