cluster,time_in_hospital,num_lab_procedures,num_procedures,num_medications,number_outpatient,number_emergency,number_inpatient,number_diagnoses,total_visits,readmit_30
0,4.054480194846814,41.903730290988335,1.361022091184891,13.242062983378199,0.3311968551040465,0.15369824381489552,0.5754817758407041,7.347647737469555,1.0603768747596463,0.09597060205956501
1,4.172988315087176,42.558664160123854,1.3531645103026282,14.910354233477092,0.3497733053190313,0.16897047440008847,0.6559401378598547,7.355376165726713,1.1746839175789745,0.1161856316119282
2,4.893550990006828,45.73499472410155,1.3980510210415245,18.39209235925765,0.4286512320774626,0.26171559803860717,0.7669604617962883,7.6965427347774815,1.457327291912358,0.1276146732046428
3,4.291289711760993,40.85582789816958,1.1955081001472754,17.012518409425628,0.343782873974332,0.18509362507889754,0.4577635177782453,7.146539027982327,0.9866400168314748,0.09714916894592888
