cluster,<30,>30,NO
0,0.09597060205956501,0.3088065632611204,0.5952228346793146
1,0.1161856316119282,0.3565188543624903,0.5272955140255815
2,0.1276146732046428,0.38110607659363166,0.4912792502017255
3,0.09714916894592888,0.3348411529560278,0.5680096780980434
