{
  "chi_square": {
    "gender": {
      "chi2": 49.87062338783936,
      "p_value": 4.327500429631815e-08,
      "dof": 8,
      "significant": true,
      "cramers_v": 0.01565330503478026,
      "association": "negligible",
      "contingency_table": {
        "0": {
          "Female": 8219,
          "Male": 7317,
          "Unknown/Invalid": 1
        },
        "1": {
          "Female": 12921,
          "Male": 10481,
          "Unknown/Invalid": 1
        },
        "2": {
          "Female": 16677,
          "Male": 14796,
          "Unknown/Invalid": 1
        },
        "3": {
          "Female": 8937,
          "Male": 7324,
          "Unknown/Invalid": 0
        },
        "4": {
          "Female": 7954,
          "Male": 7137,
          "Unknown/Invalid": 0
        }
      },
      "expected_freq": [
        [
          8352.477212428512,
          12581.130475797418,
          16919.988915747894,
          8741.689640940982,
          8112.713755085196
        ],
        [
          7184.064766228406,
          10821.179617947055,
          14553.083249808384,
          7518.83099463475,
          6977.841371381404
        ],
        [
          0.45802134308118625,
          0.6899062555273864,
          0.927834443723837,
          0.4793644242674371,
          0.4448735334001533
        ]
      ]
    },
    "race": {
      "chi2": 400.0823207508671,
      "p_value": 3.499626123062738e-75,
      "dof": 16,
      "significant": true,
      "cramers_v": 0.03170650858258776,
      "association": "negligible",
      "contingency_table": {
        "0": {
          "AfricanAmerican": 2787,
          "Asian": 81,
          "Caucasian": 11682,
          "Hispanic": 386,
          "Other": 224
        },
        "1": {
          "AfricanAmerican": 4412,
          "Asian": 166,
          "Caucasian": 17649,
          "Hispanic": 486,
          "Other": 288
        },
        "2": {
          "AfricanAmerican": 5936,
          "Asian": 198,
          "Caucasian": 23429,
          "Hispanic": 603,
          "Other": 585
        },
        "3": {
          "AfricanAmerican": 3737,
          "Asian": 86,
          "Caucasian": 11475,
          "Hispanic": 300,
          "Other": 198
        },
        "4": {
          "AfricanAmerican": 2338,
          "Asian": 110,
          "Caucasian": 11864,
          "Hispanic": 262,
          "Other": 211
        }
      },
      "expected_freq": [
        [
          2927.0762767229853,
          4441.008010613812,
          5937.369563687897,
          3049.8744635300977,
          2854.671685445207
        ],
        [
          97.67079090991326,
          148.1877217492688,
          198.11837013659252,
          101.76832540982782,
          95.25479179439759
        ],
        [
          11595.397063109967,
          17592.72611138472,
          23520.45218256561,
          12081.853034886877,
          11308.571608052827
        ],
        [
          310.3828410038897,
          470.9179238740414,
          629.5898907460827,
          323.4041791884856,
          302.70516518750065
        ],
        [
          229.47302825324394,
          348.1602323781573,
          465.4699928638196,
          239.0999969847125,
          223.79674952006673
        ]
      ]
    },
    "age": {
      "chi2": 2464.4292277553377,
      "p_value": 0.0,
      "dof": 36,
      "significant": true,
      "cramers_v": 0.07780846138258118,
      "association": "negligible",
      "contingency_table": {
        "0": {
          "[0-10)": 0,
          "[10-20)": 33,
          "[20-30)": 138,
          "[30-40)": 557,
          "[40-50)": 1817,
          "[50-60)": 3276,
          "[60-70)": 3957,
          "[70-80)": 3848,
          "[80-90)": 1735,
          "[90-100)": 176
        },
        "1": {
          "[0-10)": 28,
          "[10-20)": 91,
          "[20-30)": 342,
          "[30-40)": 926,
          "[40-50)": 2280,
          "[50-60)": 3855,
          "[60-70)": 4872,
          "[70-80)": 5877,
          "[80-90)": 4283,
          "[90-100)": 849
        },
        "2": {
          "[0-10)": 33,
          "[10-20)": 247,
          "[20-30)": 708,
          "[30-40)": 1214,
          "[40-50)": 2912,
          "[50-60)": 4993,
          "[60-70)": 6915,
          "[70-80)": 7984,
          "[80-90)": 5579,
          "[90-100)": 889
        },
        "3": {
          "[0-10)": 100,
          "[10-20)": 304,
          "[20-30)": 405,
          "[30-40)": 729,
          "[40-50)": 1579,
          "[50-60)": 2805,
          "[60-70)": 3440,
          "[70-80)": 3864,
          "[80-90)": 2607,
          "[90-100)": 428
        },
        "4": {
          "[0-10)": 0,
          "[10-20)": 16,
          "[20-30)": 64,
          "[30-40)": 349,
          "[40-50)": 1097,
          "[50-60)": 2327,
          "[60-70)": 3299,
          "[70-80)": 4495,
          "[80-90)": 2993,
          "[90-100)": 451
        }
      },
      "expected_freq": [
        [
          24.580478745356995,
          37.0249690466364,
          49.79378181317925,
          25.725890769019124,
          23.874879625808227
        ],
        [
          105.4975826896999,
          158.90840752314134,
          213.71120020439045,
          110.413605722933,
          102.4692038598353
        ],
        [
          252.98045516184186,
          381.05822180295974,
          512.473891083466,
          264.7689503370477,
          245.71848161468466
        ],
        [
          576.3435233771594,
          868.1320382052945,
          1167.525008352495,
          603.2002338698583,
          559.7991961951928
        ],
        [
          1478.6455692470963,
          2227.247361594246,
          2995.3588624884537,
          1547.5481496767093,
          1436.2000569934949
        ],
        [
          2634.5387654029832,
          3968.3407817935263,
          5336.9037202995105,
          2757.304168386298,
          2558.9125641176815
        ],
        [
          3432.5646188314367,
          5170.387447674076,
          6953.500599414343,
          3592.5167836015958,
          3334.030550478549
        ],
        [
          3979.9001238134542,
          5994.825423029302,
          8062.262759664328,
          4165.357270601183,
          3865.654422891732
        ],
        [
          2625.5310123223867,
          3954.772625434821,
          5318.656309572942,
          2747.876668042372,
          2550.1633846274785
        ],
        [
          426.4178704085844,
          642.3027238959967,
          863.8138671068923,
          446.2882789929839,
          414.1772595955427
        ]
      ]
    }
  },
  "plots": {
    "gender": {
      "stacked_bar": "artifacts/b88f5686-baseline/demographics_kmeans_k5/gender_stacked_bar.png",
      "grouped_bar": "artifacts/b88f5686-baseline/demographics_kmeans_k5/gender_grouped_bar.png",
      "heatmap": "artifacts/b88f5686-baseline/demographics_kmeans_k5/gender_heatmap.png"
    },
    "race": {
      "stacked_bar": "artifacts/b88f5686-baseline/demographics_kmeans_k5/race_stacked_bar.png",
      "grouped_bar": "artifacts/b88f5686-baseline/demographics_kmeans_k5/race_grouped_bar.png",
      "heatmap": "artifacts/b88f5686-baseline/demographics_kmeans_k5/race_heatmap.png"
    },
    "age": {
      "stacked_bar": "artifacts/b88f5686-baseline/demographics_kmeans_k5/age_stacked_bar.png",
      "grouped_bar": "artifacts/b88f5686-baseline/demographics_kmeans_k5/age_grouped_bar.png",
      "heatmap": "artifacts/b88f5686-baseline/demographics_kmeans_k5/age_heatmap.png"
    }
  },
  "cross_tabulations": {
    "gender": {
      "counts": [
        {
          "0": 8219,
          "1": 12921,
          "2": 16677,
          "3": 8937,
          "4": 7954
        },
        {
          "0": 7317,
          "1": 10481,
          "2": 14796,
          "3": 7324,
          "4": 7137
        },
        {
          "0": 1,
          "1": 1,
          "2": 1,
          "3": 0,