cluster,time_in_hospital,num_lab_procedures,num_procedures,num_medications,number_outpatient,number_emergency,number_inpatient,number_diagnoses,total_visits,readmit_30
0,4.006626466105626,40.08614405937313,1.2793718110131866,14.664236962427937,0.3789013319196872,0.1577098933138957,0.5396593996421708,7.2309323437810615,1.0762706248757539,0.11019813133655822
1,4.886464543955347,45.72212355702144,1.4034314347329697,18.38988963592541,0.43314727895471267,0.2656666243815806,0.7760687555499175,7.710167448940759,1.4748826588862107,0.1285678041354814
2,4.232027550581145,43.67794108603407,1.3414304163335589,15.022815325010763,0.31738515466453476,0.18590492589631635,0.7163151097718468,7.387983518848779,1.2196051903326979,0.11622901420576841
3,4.46501711996899,41.86969442470444,1.2348342916209056,17.773822598359068,0.34239937980489693,0.17804767749854641,0.44886620582724984,7.1733962142257255,0.9693132631306932,0.09716389947671038
4,4.054480194846814,41.903730290988335,1.361022091184891,13.242062983378199,0.3311968551040465,0.15369824381489552,0.5754817758407041,7.347647737469555,1.0603768747596463,0.09597060205956501
