cluster,<30,>30,NO
0,0.11019813133655822,0.3654496057252667,0.524352262938175
1,0.1285678041354814,0.3818026132183179,0.4896295826462007
2,0.11622901420576841,0.34013898284238364,0.543632002951848
3,0.09716389947671038,0.3380709348149105,0.5647651657083791
4,0.09597060205956501,0.3088065632611204,0.5952228346793146
