cluster,time_in_hospital,num_lab_procedures,num_procedures,num_medications,number_outpatient,number_emergency,number_inpatient,number_diagnoses,total_visits,readmit_30
0,4.475510072729613,41.90525841539551,1.237433223917101,17.80903649353157,0.341893544442299,0.17802664607067,0.44873527708051747,7.177318658685718,0.9686554675934865,0.09705863422797194
1,4.054480194846814,41.903730290988335,1.361022091184891,13.242062983378199,0.3311968551040465,0.15369824381489552,0.5754817758407041,7.347647737469555,1.0603768747596463,0.09597060205956501
2,4.882061383999492,45.71166677257419,1.4024591726504416,18.37364173603609,0.43356421173031706,0.2658384698481286,0.776736353815848,7.709220308826333,1.4761390353942938,0.12867763868589946
3,4.232027550581145,43.67794108603407,1.3414304163335589,15.022815325010763,0.31738515466453476,0.18590492589631635,0.7163151097718468,7.387983518848779,1.2196051903326979,0.11622901420576841
4,4.006626466105626,40.08614405937313,1.2793718110131866,14.664236962427937,0.3789013319196872,0.1577098933138957,0.5396593996421708,7.2309323437810615,1.0762706248757539,0.11019813133655822
