k,silhouette,davies_bouldin
3,0.22124534137505775,1.781593047030227
4,0.2332961896630393,1.7295152243517762
5,0.24235378553614312,1.723599708382548
6,0.2260339552426609,1.8416772613220747
7,0.2240168488953517,1.9052128143229277
8,0.2168809686303676,1.7964236769488424
