cluster,<30,>30,NO
0,0.09705863422797194,0.3383536075175388,0.5645877582544893
1,0.09597060205956501,0.3088065632611204,0.5952228346793146
2,0.12867763868589946,0.3817436614348351,0.48957869987926544
3,0.11622901420576841,0.34013898284238364,0.543632002951848
4,0.11019813133655822,0.3654496057252667,0.524352262938175
