cluster,time_in_hospital,num_lab_procedures,num_procedures,num_medications,number_outpatient,number_emergency,number_inpatient,number_diagnoses,total_visits,readmit_30
0,4.054480194846814,41.903730290988335,1.361022091184891,13.242062983378199,0.3311968551040465,0.15369824381489552,0.5754817758407041,7.347647737469555,1.0603768747596463,0.09597060205956501
1,4.922164020297921,46.3331150761172,1.365444426256343,19.018824684891143,0.3959731543624161,0.29194630872483224,0.853331150761172,7.722704206907841,1.5412506138484203,0.13897528237027337
2,4.232027550581145,43.67794108603407,1.3414304163335589,15.022815325010763,0.31738515466453476,0.18590492589631635,0.7163151097718468,7.387983518848779,1.2196051903326979,0.11622901420576841
3,4.8127196238554815,44.35565454095521,1.3227913882702302,18.027715911902995,0.47884187082405344,0.2641425389755011,0.6645879732739421,7.461816382083643,1.4075723830734967,0.11467458549863895
4,4.006626466105626,40.08614405937313,1.2793718110131866,14.664236962427937,0.3789013319196872,0.1577098933138957,0.5396593996421708,7.2309323437810615,1.0762706248757539,0.11019813133655822
5,4.5115163147792705,43.01528653687963,1.368042226487524,17.711063888127228,0.30470249520153553,0.15279681930353714,0.5185769125308473,7.474088291746641,0.9760762270359199,0.10577186728818207
