cluster,<30,>30,NO
0,0.09597060205956501,0.3088065632611204,0.5952228346793146
1,0.13897528237027337,0.38893435914224916,0.4720903584874775
2,0.11622901420576841,0.34013898284238364,0.543632002951848
3,0.11467458549863895,0.37461024498886414,0.510715169512497
4,0.11019813133655822,0.3654496057252667,0.524352262938175
5,0.10577186728818207,0.33938853852481493,0.554839594187003
