cluster,time_in_hospital,num_lab_procedures,num_procedures,num_medications,number_outpatient,number_emergency,number_inpatient,number_diagnoses,total_visits,readmit_30
0,4.6698471556480055,44.49823641132314,1.4558650628561092,18.04128606312743,0.3901148593651081,0.20927918965361308,0.6434385457176449,7.52717735371258,1.242832594736366,0.11621597178258117
1,4.150795171488791,41.396867215941754,1.2314140639969342,14.074679057290668,0.3606054799770071,0.17057865491473462,0.5786549147346235,7.317733282237977,1.1098390496263653,0.10054608162483235
2,4.232027550581145,43.67794108603407,1.3414304163335589,15.022815325010763,0.31738515466453476,0.18590492589631635,0.7163151097718468,7.387983518848779,1.2196051903326979,0.11622901420576841
3,4.81684540306061,44.41406595172109,1.2520383982005865,18.31650399646544,0.4149495923203599,0.26127645901112584,0.6904446318833595,7.538980600072298,1.3666706832148452,0.12001445957344259
4,3.8993642865251448,40.947440118061074,1.4446588716085822,13.473663298898854,0.3372119423317062,0.1371324781473493,0.5410375752071744,7.283119536837326,1.01538199568623,0.10273583834714496
