cluster,<30,>30,NO
0,0.11621597178258117,0.3562449127249706,0.5275391154924483
1,0.10054608162483235,0.336989844797854,0.5624640735773137
2,0.11622901420576841,0.34013898284238364,0.543632002951848
3,0.12001445957344259,0.37731453588785796,0.5026710045386994
4,0.10273583834714496,0.3239300715177659,0.5733340901350891
