cluster,time_in_hospital,num_lab_procedures,num_procedures,num_medications,number_outpatient,number_emergency,number_inpatient,number_diagnoses,total_visits,readmit_30
0,4.054480194846814,41.903730290988335,1.361022091184891,13.242062983378199,0.3311968551040465,0.15369824381489552,0.5754817758407041,7.347647737469555,1.0603768747596463,0.09597060205956501
1,4.172988315087176,42.558664160123854,1.3531645103026282,14.910354233477092,0.3497733053190313,0.16897047440008847,0.6559401378598547,7.355376165726713,1.1746839175789745,0.1161856316119282
2,4.29058211074302,40.85654940316559,1.1951937739916916,17.010411736867013,0.3436924856707157,0.18504495977283483,0.45764316138192146,7.145816900667824,0.9863806068254719,0.09712362622916337
3,4.8940621411056275,45.73532607008722,1.3982679951578358,18.39354998913617,0.4287177577055592,0.2617562156625384,0.7670794921935624,7.6970543501877895,1.45755346556166,0.12763447869137412
