cluster,<30,>30,NO
0,0.09597060205956501,0.3088065632611204,0.5952228346793146
1,0.1161856316119282,0.3565188543624903,0.5272955140255815
2,0.09712362622916337,0.33475311563338067,0.568123258137456
3,0.12763447869137412,0.3811652233292982,0.4912002979793277
