k,silhouette,davies_bouldin
2,0.20560145485501155,1.893107109364853
3,0.196830331833452,1.9183002825814075
4,0.20578571298126438,1.8722292580164748
5,0.21156990700239955,1.8832721847942324
6,0.18680348255931228,1.925875079822062
7,0.18534575593268277,2.023276207571136
8,0.18085093006009353,2.0400249614206905
